strategy,date,code,side,lots,value,fee
qp_lam5,2023-04-10,sh.601138,BUY,3,5981.211117881999,4.7849688943055995
qp_lam5,2023-04-10,sz.002558,BUY,1,6760.370584968,5.408296467974401
qp_lam5,2023-04-10,sh.601360,BUY,2,7663.92442816,6.131139542528
qp_lam5,2023-04-17,sh.601360,SELL,2,6294.51214704,8.182865791152
qp_lam5,2023-04-17,sz.002602,BUY,1,6162.610854399999,4.930088683519999
qp_lam5,2023-04-17,sz.302132,BUY,1,4907.902999999999,0.0
qp_lam5,2023-04-17,sh.601857,BUY,2,2107.9532073599994,0.0
qp_lam5,2023-04-24,sh.601138,SELL,3,6227.069245451999,8.0951900190876
qp_lam5,2023-04-24,sz.002558,SELL,1,6171.749045028,8.0232737585364
qp_lam5,2023-04-24,sh.601857,BUY,5,5592.059272799999,4.47364741824
qp_lam5,2023-04-24,sh.601390,BUY,2,2242.232280288,0.0
qp_lam5,2023-05-04,sz.002602,SELL,1,6688.449015839999,8.694983720591999
qp_lam5,2023-05-04,sh.601857,SELL,1,1162.11048624,0.58105524312
qp_lam5,2023-05-04,sh.601390,BUY,4,4674.52777792,0.0
qp_lam5,2023-05-04,sh.601186,BUY,3,4669.756951859999,0.0
qp_lam5,2023-05-04,sh.600028,BUY,2,4027.0781911359995,0.0
qp_lam5,2023-05-08,sh.600023,BUY,9,7794.487917216,6.2355903337728
qp_lam5,2023-05-08,sh.601998,BUY,6,7161.882051324,5.7295056410592
qp_lam5,2023-05-08,sh.601186,BUY,1,1635.0801406939997,0.0
qp_lam5,2023-05-08,sh.601336,BUY,1,4963.06984173,0.0
qp_lam5,2023-05-08,sh.601319,BUY,4,2858.0185033399994,0.0
qp_lam5,2023-05-15,sz.302132,SELL,1,4795.2,2.3976
qp_lam5,2023-05-15,sh.601390,SELL,6,6151.8963456,7.997465249280001
qp_lam5,2023-05-15,sh.601186,SELL,3,4409.480711394,2.204740355697
qp_lam5,2023-05-15,sh.600028,SELL,1,1939.060447551,0.9695302237755
qp_lam5,2023-05-15,sh.600023,SELL,1,889.7451242399999,0.4448725621199999
qp_lam5,2023-05-15,sh.601319,BUY,7,4833.541980266999,0.0
qp_lam5,2023-05-15,sh.601988,BUY,8,7137.742371759998,5.710193897407998
qp_lam5,2023-05-22,sh.601857,SELL,5,5733.9970632,7.4541961821600005
qp_lam5,2023-05-22,sh.601186,SELL,1,1379.5394336460001,0.689769716823
qp_lam5,2023-05-22,sh.600028,SELL,1,1942.123734198,0.971061867099
qp_lam5,2023-05-22,sh.600150,BUY,1,7206.357982824,5.7650863862592
qp_lam5,2023-05-22,sh.600482,BUY,1,4226.464884642,0.0
qp_lam5,2023-05-29,sh.601857,SELL,1,1110.052836,0.5550264180000001
qp_lam5,2023-05-29,sh.601998,SELL,6,6702.788773728001,8.7136254058464
qp_lam5,2023-05-29,sh.601336,SELL,1,4445.5359940200005,2.2227679970100005
qp_lam5,2023-05-29,sh.601319,SELL,11,7173.228464126999,9.3251970033651
qp_lam5,2023-05-29,sh.601988,SELL,1,844.827489837,0.42241374491850003
qp_lam5,2023-05-29,sh.600150,SELL,1,7079.2330246559995,9.203002932052799
qp_lam5,2023-06-05,sh.601988,SELL,5,4213.27848402,2.10663924201
qp_lam5,2023-06-05,sz.002602,BUY,1,6403.3378409,5.12267027272
qp_lam5,2023-06-05,sh.601138,BUY,2,3987.4740785879994,0.0
qp_lam5,2023-06-12,sh.601988,SELL,1,892.6069365629999,0.4463034682814999
qp_lam5,2023-06-12,sh.600482,SELL,1,4060.091398446,2.030045699223
qp_lam5,2023-06-12,sh.601138,BUY,1,2242.126205319,0.0
qp_lam5,2023-06-19,sh.600023,SELL,3,2587.5240857999997,1.2937620428999999
qp_lam5,2023-06-19,sh.601988,SELL,1,860.0300410680001,0.43001502053400004
qp_lam5,2023-06-19,sh.601138,SELL,1,2699.27806995,1.349639034975
qp_lam5,2023-06-26,sh.601127,BUY,1,3955.3444530599995,0.0
qp_lam5,2023-07-03,sh.600023,SELL,1,926.06125176,0.46303062588
qp_lam5,2023-07-03,sh.601127,BUY,1,3900.2213249999995,0.0
qp_lam5,2023-07-03,sh.600482,BUY,1,5055.0542042,4.04404336336
qp_lam5,2023-07-10,sz.002602,SELL,1,6611.57029152,8.595041378976001
qp_lam5,2023-07-10,sh.601127,SELL,1,4706.20576332,2.35310288166
qp_lam5,2023-07-10,sh.600026,BUY,4,7683.938722459999,6.147150977967999
qp_lam5,2023-07-10,sh.601138,BUY,1,2649.4844375999996,0.0
qp_lam5,2023-07-10,sh.600023,BUY,4,3798.9941109119995,0.0
qp_lam5,2023-07-17,sh.600023,SELL,3,2745.4992405119997,1.372749620256
qp_lam5,2023-07-17,sh.601138,SELL,1,2962.5954000389997,1.4812977000195
qp_lam5,2023-07-17,sh.600026,SELL,4,7865.076662387999,10.2245996611044
qp_lam5,2023-07-17,sh.600150,BUY,1,7871.589970244,6.2972719761952005
qp_lam5,2023-07-17,sh.601857,BUY,4,5192.131888943999,4.1537055111551995
qp_lam5,2023-07-24,sh.600023,SELL,4,3558.9804969599995,1.7794902484799997
qp_lam5,2023-07-24,sh.601138,SELL,2,5021.758956258,6.5282866431354005
qp_lam5,2023-07-24,sh.600482,SELL,1,4642.85074176,2.32142537088
qp_lam5,2023-07-24,sh.600150,SELL,1,7697.943137214,10.0073260783782
qp_lam5,2023-07-24,sz.000100,BUY,6,7501.877278896,6.0015018231168
qp_lam5,2023-07-24,sh.601857,BUY,2,2510.7937054199997,0.0
qp_lam5,2023-07-31,sh.600023,SELL,1,871.5870604799999,0.43579353023999995
qp_lam5,2023-07-31,sh.601857,SELL,6,7479.508352652,9.7233608584476
qp_lam5,2023-07-31,sh.601688,BUY,3,6578.267971275,5.26261437702
qp_lam5,2023-07-31,sh.601136,BUY,4,7431.423999999998,5.945139199999999
qp_lam5,2023-07-31,sh.601336,BUY,1,5451.35836245,4.36108668996
qp_lam5,2023-07-31,sh.601881,BUY,4,6429.236838024,5.1433894704192
qp_lam5,2023-07-31,sh.601838,BUY,4,7086.356749471999,5.669085399577599
qp_lam5,2023-07-31,sh.600989,BUY,4,6452.588702559999,5.162070962047999
qp_lam5,2023-07-31,sh.601788,BUY,1,2360.357693694,0.0
qp_lam5,2023-08-07,sh.601127,SELL,1,4376.12781168,2.1880639058400004
qp_lam5,2023-08-07,sz.000100,SELL,6,7486.888513104001,9.732955067035201
qp_lam5,2023-08-07,sh.601688,SELL,1,2197.255221324,1.098627610662
qp_lam5,2023-08-07,sh.601136,SELL,1,2297.7,1.14885
qp_lam5,2023-08-07,sh.601881,SELL,4,5968.73600928,7.759356812064
qp_lam5,2023-08-07,sh.600989,SELL,1,1569.394546488,0.7846972732440001
qp_lam5,2023-08-07,sh.601788,SELL,1,2232.8357292,1.1164178646
qp_lam5,2023-08-07,sz.300803,BUY,1,6996.813599775998,5.597450879820799
qp_lam5,2023-08-07,sh.601059,BUY,3,5759.754,4.6078032
qp_lam5,2023-08-07,sh.601456,BUY,5,5851.64757177,4.681318057416
qp_lam5,2023-08-14,sh.601336,SELL,1,5160.503302029,6.7086542926377
qp_lam5,2023-08-14,sh.600989,SELL,3,4640.634376344,2.320317188172
qp_lam5,2023-08-14,sh.601456,SELL,1,1116.148242492,0.558074121246
qp_lam5,2023-08-14,sh.601688,BUY,1,2151.2592601499996,0.0
qp_lam5,2023-08-14,sh.601059,BUY,1,1749.748,0.0
qp_lam5,2023-08-14,sz.000807,BUY,1,7553.178012380001,6.042542409904001
qp_lam5,2023-08-14,sz.001979,BUY,2,3467.0316020339997,0.0
qp_lam5,2023-08-21,sh.601136,SELL,1,2743.511546196,1.371755773098
qp_lam5,2023-08-21,sh.601059,SELL,1,2006.58436704,1.00329218352
qp_lam5,2023-08-21,sz.001965,BUY,6,7047.342790488,5.6378742323904
qp_lam5,2023-08-21,sh.601336,BUY,1,5272.608240899999,4.21808659272
qp_lam5,2023-08-21,sz.001979,BUY,1,1800.0389807399997,0.0
qp_lam5,2023-08-21,sh.601456,BUY,1,1161.16244244,0.0
qp_lam5,2023-08-28,sh.601838,SELL,1,1869.954421752,0.9349772108759999
qp_lam5,2023-08-28,sh.601456,SELL,1,1222.883730162,0.611441865081
qp_lam5,2023-08-28,sz.000807,SELL,1,7817.470382322,10.1627114970186
qp_lam5,2023-08-28,sz.001979,SELL,3,5725.1841389460005,7.442739380629801
qp_lam5,2023-08-28,sh.601336,SELL,1,5607.167685534,7.289317991194201
qp_lam5,2023-08-28,sh.601058,BUY,1,6391.8770695779995,5.1135016556624
qp_lam5,2023-09-04,sh.601688,SELL,3,6319.872588212999,8.2158343646769
qp_lam5,2023-09-04,sh.601838,SELL,3,5350.0058388,6.95500759044
qp_lam5,2023-09-04,sz.300803,SELL,1,6263.305425,8.1422970525
qp_lam5,2023-09-04,sh.601059,SELL,3,5524.361948160001,7.181670532608002
qp_lam5,2023-09-04,sh.601456,SELL,4,4371.0723522,2.1855361761
qp_lam5,2023-09-04,sh.601136,BUY,1,2347.350751746,0.0
qp_lam5,2023-09-04,sh.601225,BUY,2,5477.026534979999,4.381621227984
qp_lam5,2023-09-11,sh.601127,BUY,1,4617.8620488,0.0
qp_lam5,2023-09-11,sh.601698,BUY,4,8006.611693079999,6.405289354463999
qp_lam5,2023-09-11,sh.601600,BUY,5,3427.9952656949995,0.0
qp_lam5,2023-09-18,sh.601136,SELL,3,6647.2746713999995,8.64145707282
qp_lam5,2023-09-18,sz.001965,SELL,6,7269.178736808,9.4499323578504
qp_lam5,2023-09-18,sh.601058,SELL,1,6341.956550145001,8.2445435151885
qp_lam5,2023-09-18,sh.601698,SELL,4,7173.438277104,9.325469760235201
qp_lam5,2023-09-18,sh.601088,BUY,1,7358.58915792,5.886871326336
qp_lam5,2023-09-18,sh.601600,BUY,6,4119.798835152,0.0
qp_lam5,2023-09-18,sh.603993,BUY,3,6697.03510476,5.357628083808
qp_lam5,2023-09-25,sh.603993,SELL,3,6420.51841464,8.346673939032
qp_lam5,2023-09-25,sh.600938,BUY,3,7106.351091839999,5.685080873472
qp_lam5,2023-09-25,sh.601872,BUY,7,7600.518909983999,6.0804151279872
qp_lam5,2023-10-09,sh.601077,BUY,15,7563.337196414999,6.050669757132
qp_lam5,2023-10-16,sh.601225,SELL,2,5740.931687634,7.4632111939242005
qp_lam5,2023-10-16,sh.601600,SELL,11,6958.910502621001,9.046583653407302
qp_lam5,2023-10-16,sh.601088,SELL,1,7289.749055898,9.4766737726674
qp_lam5,2023-10-16,sh.600938,SELL,1,2416.7380428,1.2083690214
qp_lam5,2023-10-16,sh.601872,SELL,7,7089.412323168,9.2162360201184
qp_lam5,2023-10-16,sh.601077,SELL,1,533.636102727,0.2668180513635
qp_lam5,2023-10-16,sh.601939,BUY,5,7410.182529749999,5.928146023799999
qp_lam5,2023-10-16,sz.301236,BUY,1,7234.459447214999,5.787567557771999
qp_lam5,2023-10-23,sh.601127,SELL,1,8428.4055576,10.95692722488
qp_lam5,2023-10-23,sh.600938,SELL,1,2354.3510592330003,1.1771755296165003
qp_lam5,2023-10-23,sh.688981,BUY,1,5693.687999999999,4.554950399999999
qp_lam5,2023-10-23,sh.601136,BUY,3,7054.162405289999,5.643329924231999
qp_lam5,2023-10-23,sh.601456,BUY,6,6875.303935499999,5.500243148399999
qp_lam5,2023-10-23,sh.601077,BUY,1,529.624116021,0.0
qp_lam5,2023-10-30,sh.600938,SELL,1,2340.2461103009996,1.1701230551504997
qp_lam5,2023-10-30,sh.601077,SELL,15,7985.5283781,10.38118689153
qp_lam5,2023-10-30,sh.601939,SELL,5,7064.240688,9.1835128944
qp_lam5,2023-10-30,sh.601136,SELL,2,4471.80296076,2.23590148038
qp_lam5,2023-10-30,sh.601456,SELL,6,6678.591942780001,8.682169525614
qp_lam5,2023-10-30,sz.002602,BUY,1,5469.317133279999,4.375453706624
qp_lam5,2023-11-06,sh.601136,SELL,1,2316.4745067000003,1.1582372533500003
qp_lam5,2023-11-06,sh.688041,BUY,1,6749.051157848999,5.399240926279199
qp_lam5,2023-11-06,sh.600025,BUY,8,7421.57211796,5.937257694368
qp_lam5,2023-11-13,sz.301236,SELL,1,8902.623614850001,11.573410699305
qp_lam5,2023-11-13,sh.688981,SELL,1,5450.544,7.0857072
qp_lam5,2023-11-13,sh.601901,BUY,7,7006.535470934999,5.605228376747999
qp_lam5,2023-11-13,sh.601456,BUY,6,7516.99896948,6.013599175584
qp_lam5,2023-11-13,sh.601881,BUY,5,7192.6803949,5.75414431592
qp_lam5,2023-11-20,sz.002602,SELL,1,5631.366556440001,7.320776523372
qp_lam5,2023-11-20,sh.600025,SELL,8,7634.3518062,9.92465734806
qp_lam5,2023-11-20,sh.601456,SELL,6,7428.789941832,9.6574269243816
qp_lam5,2023-11-20,sh.688008,BUY,1,6161.410009754999,4.929128007804
qp_lam5,2023-11-20,sz.300442,BUY,1,5128.002980099999,4.1024023840799995
qp_lam5,2023-11-20,sz.002600,BUY,2,5913.9498698279995,4.7311598958624
qp_lam5,2023-11-20,sh.601995,BUY,1,4408.1800763,0.0
qp_lam5,2023-11-27,sh.688041,SELL,1,6396.7392576,8.315761034880001
qp_lam5,2023-11-27,sh.601881,SELL,5,7065.265162499999,9.18484471125
qp_lam5,2023-11-27,sh.601995,SELL,1,4041.5433760350006,2.0207716880175
qp_lam5,2023-11-27,sh.601901,BUY,1,924.4224809819999,0.0
qp_lam5,2023-11-27,sh.601225,BUY,2,5990.691170464,4.7925529363712
qp_lam5,2023-11-27,sh.688183,BUY,4,4882.660374591999,0.0
qp_lam5,2023-12-04,sh.688008,SELL,1,6121.6345396980005,7.958124901607401
qp_lam5,2023-12-04,sz.002600,SELL,1,2920.598650827,1.4602993254135
qp_lam5,2023-12-04,sh.688183,SELL,3,3790.8581392079996,1.895429069604
qp_lam5,2023-12-04,sh.601898,BUY,6,7619.886145872,6.0959089166976
qp_lam5,2023-12-04,sh.601059,BUY,1,1953.442306816,0.0
qp_lam5,2023-12-11,sh.601901,SELL,8,7481.020243248,9.7253263162224
qp_lam5,2023-12-11,sz.300442,SELL,1,5117.7572199,6.65308438587
qp_lam5,2023-12-11,sz.002600,SELL,1,2829.19392405,1.414596962025
qp_lam5,2023-12-11,sh.601225,SELL,2,5947.839930276,7.7321919093588
qp_lam5,2023-12-11,sh.688183,SELL,1,1217.1705470640002,0.6085852735320001
qp_lam5,2023-12-11,sh.601059,SELL,1,2031.60412224,1.01580206112
qp_lam5,2023-12-18,sh.688041,BUY,1,7344.938594994,5.8759508759952
qp_lam5,2023-12-18,sh.600150,BUY,1,7211.019401585999,5.7688155212688
qp_lam5,2023-12-18,sz.002558,BUY,1,6172.077879968,4.937662303974401
qp_lam5,2023-12-18,sz.300498,BUY,1,4019.8548309919993,0.0
qp_lam5,2023-12-18,sh.600025,BUY,6,6100.70332872,4.880562662976001
qp_lam5,2023-12-25,sh.601898,SELL,1,1272.768992964,0.636384496482
qp_lam5,2023-12-25,sz.002558,SELL,1,4972.325129568,2.486162564784
qp_lam5,2023-12-25,sz.300498,SELL,1,3941.3675811059998,1.970683790553
qp_lam5,2023-12-25,sh.600025,BUY,1,1035.7891944399998,0.0
qp_lam5,2024-01-02,sh.601898,SELL,5,6470.35283034,8.411458679442001
qp_lam5,2024-01-02,sh.688041,SELL,1,7073.394332193,9.1954126318509
qp_lam5,2024-01-02,sh.600150,SELL,1,7427.2241991420005,9.655391458884601
qp_lam5,2024-01-02,sh.601225,BUY,2,6405.336117179999,5.1242688937439995
qp_lam5,2024-01-08,sh.601898,BUY,5,7003.57182525,5.6028574602
qp_lam5,2024-01-08,sh.601985,BUY,8,7496.563170095998,5.997250536076799
qp_lam5,2024-01-08,sh.601872,BUY,2,2103.815890176,0.0
qp_lam5,2024-01-15,sh.600025,SELL,7,7128.161088615,9.2666094151995
qp_lam5,2024-01-15,sh.688472,BUY,5,6921.914999999999,5.537532
qp_lam5,2024-01-15,sz.003816,BUY,20,7686.618879939999,6.149295103951999
qp_lam5,2024-01-15,sh.600011,BUY,2,6483.858348967999,5.187086679174399
qp_lam5,2024-01-15,sh.601872,BUY,3,3126.6834318719993,0.0
qp_lam5,2024-01-22,sh.601872,SELL,2,2080.290874752,1.040145437376
qp_lam5,2024-01-22,sh.600011,SELL,1,3124.281056535,1.5621405282675
qp_lam5,2024-01-22,sh.600023,BUY,8,7132.211166079999,5.705768932863999
qp_lam5,2024-01-22,sh.601825,BUY,10,7280.226053099999,5.82418084248
qp_lam5,2024-01-22,sz.000100,BUY,6,7484.308479647999,5.9874467837184
qp_lam5,2024-01-29,sh.601872,SELL,1,1086.8392728,0.5434196363999999
qp_lam5,2024-01-29,sh.688472,SELL,5,6893.1,8.961030000000001
qp_lam5,2024-01-29,sz.000100,SELL,6,7627.15808712,9.915305513256001
qp_lam5,2024-01-29,sh.601857,BUY,5,6795.91839927,5.436734719416
qp_lam5,2024-02-05,sh.601985,SELL,3,2919.0950409419997,1.459547520471
qp_lam5,2024-02-05,sh.601872,SELL,2,2041.6477006079997,1.020823850304
qp_lam5,2024-02-05,sz.003816,SELL,1,412.637800149,0.2063189000745
qp_lam5,2024-02-05,sh.600011,SELL,1,3315.9547409849997,1.6579773704924998
qp_lam5,2024-02-05,sh.601825,SELL,10,7115.753413709999,9.250479437823
qp_lam5,2024-02-05,sh.601857,SELL,1,1303.114696884,0.6515573484420001
qp_lam5,2024-02-05,sh.601009,BUY,1,5228.282095036,4.1826256760288
qp_lam5,2024-02-05,sh.601169,BUY,3,6794.53942167,5.435631537336
qp_lam5,2024-02-19,sh.601985,SELL,5,4859.246908980001,2.42962345449
qp_lam5,2024-02-19,sh.600023,SELL,1,975.088023912,0.48754401195600006
qp_lam5,2024-02-19,sh.601009,SELL,1,5075.306015598,6.5978978202774
qp_lam5,2024-02-19,sh.601169,SELL,1,2202.705272817,1.1013526364085
qp_lam5,2024-02-19,sz.002463,BUY,1,8040.433998597,6.432347198877601
qp_lam5,2024-02-19,sh.601728,BUY,3,1957.4423128259998,0.0
qp_lam5,2024-02-26,sh.601898,SELL,1,1757.37978108,0.87868989054
qp_lam5,2024-02-26,sz.003816,SELL,1,438.35777143199994,0.21917888571599997
qp_lam5,2024-02-26,sh.600023,SELL,7,6952.722613704001,9.038539397815201
qp_lam5,2024-02-26,sh.601169,SELL,2,4715.6507249040005,2.3578253624520005
qp_lam5,2024-02-26,sz.002463,SELL,1,7782.916898393999,10.117791967912199
qp_lam5,2024-02-26,sh.601728,SELL,3,2024.019583371,1.0120097916855
qp_lam5,2024-02-26,sh.601857,BUY,1,1458.0039473999998,0.0
qp_lam5,2024-02-26,sh.600938,BUY,2,5865.272633219999,4.692218106575999
qp_lam5,2024-02-26,sh.601138,BUY,4,7964.973336319998,6.371978669055999
qp_lam5,2024-02-26,sh.603993,BUY,3,6665.395568831999,5.3323164550656
qp_lam5,2024-02-26,sh.601998,BUY,4,4814.808822823999,0.0
qp_lam5,2024-02-26,sh.601800,BUY,2,2363.05404335,0.0
qp_lam5,2024-03-04,sh.601898,SELL,4,6523.6067631,8.48068879203
qp_lam5,2024-03-04,sz.003816,SELL,18,7669.024480818,9.9697318250634
qp_lam5,2024-03-04,sh.601857,SELL,5,7121.861339669999,9.258419741571
qp_lam5,2024-03-04,sh.600938,SELL,1,2973.79339983,1.486896699915
qp_lam5,2024-03-04,sh.601138,SELL,1,2348.58570336,1.17429285168
qp_lam5,2024-03-04,sh.603993,SELL,3,6620.5017750960005,8.6066523076248
qp_lam5,2024-03-04,sh.601998,SELL,4,4666.647720960001,2.33332386048
qp_lam5,2024-03-04,sh.601800,SELL,2,2292.7475074500003,1.146373753725
qp_lam5,2024-03-04,sh.601058,BUY,1,7577.724479324999,6.06217958346
qp_lam5,2024-03-04,sh.601766,BUY,4,3590.820897664,0.0
qp_lam5,2024-03-11,sh.601138,SELL,1,2673.774493056,1.3368872465280002
qp_lam5,2024-03-11,sh.601058,SELL,1,7684.646932727999,9.9900410125464
qp_lam5,2024-03-11,sh.600938,BUY,1,3568.6297346700003,0.0
qp_lam5,2024-03-11,sh.601766,BUY,5,4700.63635041,0.0
qp_lam5,2024-03-18,sh.601225,SELL,2,7575.312226877999,9.847905894941398
qp_lam5,2024-03-18,sh.601766,SELL,9,7989.4556469,10.38629234097
qp_lam5,2024-03-18,sh.601899,BUY,2,6684.590904991999,5.3476727239935995
qp_lam5,2024-03-18,sh.603993,BUY,3,8194.639805351999,6.555711844281599
qp_lam5,2024-03-18,sh.600362,BUY,2,6440.553459339999,5.1524427674719995
qp_lam5,2024-03-18,sh.601138,BUY,1,2653.1054650099995,0.0
qp_lam5,2024-03-25,sh.600938,SELL,1,3197.12175792,1.59856087896
qp_lam5,2024-03-25,sh.600362,SELL,2,6229.17906552,8.097932785176
qp_lam5,2024-03-25,sz.300442,BUY,1,6567.60748644,5.254085989152
qp_lam5,2024-03-25,sz.000657,BUY,2,6922.517199598001,5.538013759678401
qp_lam5,2024-04-01,sh.603993,SELL,1,2982.2080068,1.4911040034
qp_lam5,2024-04-01,sz.300442,SELL,1,5735.644238376,7.456337509888801
qp_lam5,2024-04-01,sz.000657,SELL,1,3510.971571942,1.755485785971
qp_lam5,2024-04-01,sh.600023,BUY,6,7314.155328479999,5.851324262784
qp_lam5,2024-04-01,sh.600233,BUY,1,6177.572350949999,4.94205788076
qp_lam5,2024-04-01,sh.600026,BUY,3,7053.689168526,5.6429513348208005
qp_lam5,2024-04-01,sh.601600,BUY,10,7745.304536969999,6.196243629576
qp_lam5,2024-04-01,sh.600938,BUY,1,3448.4976445919992,0.0
qp_lam5,2024-04-08,sh.600938,SELL,2,6904.372502214,8.9756842528782
qp_lam5,2024-04-08,sh.601138,SELL,3,7350.62160042,9.555808080545999
qp_lam5,2024-04-08,sh.600362,BUY,2,7101.6977031,5.68135816248
qp_lam5,2024-04-08,sz.000657,BUY,1,3891.8298238819993,0.0
qp_lam5,2024-04-15,sz.000657,SELL,1,3747.479144625,1.8737395723125
qp_lam5,2024-04-15,sh.600233,SELL,1,6443.65927062,8.376757051806
qp_lam5,2024-04-15,sh.600026,SELL,3,6704.573987727001,8.715946184045102
qp_lam5,2024-04-15,sh.601600,SELL,5,3895.875299925,1.9479376499625
qp_lam5,2024-04-15,sh.601857,BUY,3,4942.633381686,0.0
qp_lam5,2024-04-15,sh.600027,BUY,3,3647.840021826,0.0
qp_lam5,2024-04-22,sz.000657,SELL,1,3834.0875515230005,1.9170437757615002
qp_lam5,2024-04-22,sh.600023,SELL,6,7027.170675119999,9.135321877655999
qp_lam5,2024-04-22,sh.601600,SELL,5,3813.313704165,1.9066568520825002
qp_lam5,2024-04-22,sh.600027,SELL,3,3401.426925243,1.7007134626215
qp_lam5,2024-04-22,sh.601766,BUY,7,7471.753849559998,5.977403079647999
qp_lam5,2024-04-22,sh.601857,BUY,1,1749.60473688,0.0
qp_lam5,2024-04-29,sh.601766,SELL,1,984.683336994,0.492341668497
qp_lam5,2024-04-29,sz.002532,BUY,1,5736.218570081999,4.588974856065599
qp_lam5,2024-05-06,sh.601899,SELL,2,7235.177931648001,9.405731311142402
qp_lam5,2024-05-06,sh.601857,SELL,4,6467.0704559999995,8.4071915928
qp_lam5,2024-05-06,sh.601766,SELL,6,5801.573946672,7.542046130673599
qp_lam5,2024-05-06,sh.600926,BUY,2,6121.5170936919985,4.8972136749535995
qp_lam5,2024-05-06,sh.601136,BUY,3,7111.685618037,5.6893484944296
qp_lam5,2024-05-13,sh.600362,SELL,2,7367.0946309,9.57722302017
qp_lam5,2024-05-13,sh.601919,BUY,3,8417.976837269998,6.7343814698159985
qp_lam5,2024-05-13,sz.002938,BUY,2,5924.53889027,4.739631112216
qp_lam5,2024-05-20,sh.603993,SELL,2,6280.17921432,8.164232978616
qp_lam5,2024-05-20,sh.601136,SELL,3,6351.168799674,8.2565194395762
qp_lam5,2024-05-20,sh.601919,SELL,1,2902.88904516,1.4514445225800001
qp_lam5,2024-05-20,sz.001979,BUY,5,7161.024640769999,5.728819712616
qp_lam5,2024-05-20,sz.002142,BUY,1,5925.822550647999,4.7406580405184
qp_lam5,2024-05-20,sh.688183,BUY,4,5500.3973024,4.40031784192
qp_lam5,2024-05-27,sh.600926,SELL,1,3250.1214651600003,1.6250607325800002
qp_lam5,2024-05-27,sz.002142,SELL,1,5792.3997021000005,7.530119612730001
qp_lam5,2024-05-27,sz.001979,BUY,1,1309.593577292,0.0
qp_lam5,2024-05-27,sh.601825,BUY,9,8320.258346399998,6.656206677119999
qp_lam5,2024-06-03,sh.600926,SELL,1,3207.728576484,1.603864288242
qp_lam5,2024-06-03,sz.001979,SELL,3,3772.5292484459997,1.886264624223
qp_lam5,2024-06-03,sh.601117,BUY,8,8125.458541199998,6.500366832959998
qp_lam5,2024-06-03,sh.688183,BUY,1,1588.768605424,0.0
qp_lam5,2024-06-03,sh.601009,BUY,1,6408.060715055998,5.126448572044799
qp_lam5,2024-06-03,sh.601600,BUY,5,4177.7076541199995,0.0
qp_lam5,2024-06-11,sz.001979,SELL,3,3877.972612533,1.9389863062665
qp_lam5,2024-06-11,sh.688183,SELL,1,1779.8348155679998,0.889917407784
qp_lam5,2024-06-11,sh.601825,SELL,9,7379.855120637,9.593811656828102
qp_lam5,2024-06-11,sh.601600,SELL,5,3937.1560978050006,1.9685780489025004
qp_lam5,2024-06-11,sh.600025,BUY,6,7654.387120379999,6.123509696304
qp_lam5,2024-06-11,sh.601985,BUY,3,3703.2642967319994,0.0
qp_lam5,2024-06-17,sz.002532,SELL,1,6238.34595945,8.109849747285
qp_lam5,2024-06-17,sh.688183,SELL,1,2216.8761048,1.1084380524000002
qp_lam5,2024-06-17,sh.601117,SELL,8,7901.0408502,10.271353105260001
qp_lam5,2024-06-17,sh.601009,SELL,1,6282.832878,8.1676827414
qp_lam5,2024-06-24,sh.601985,SELL,1,1224.861264648,0.6124306323240001
qp_lam5,2024-06-24,sh.600023,BUY,3,3826.285735272,0.0
qp_lam5,2024-07-01,sz.002938,SELL,1,4430.683445436,2.2153417227179997
qp_lam5,2024-07-01,sh.688183,SELL,1,2037.41470584,1.01870735292
qp_lam5,2024-07-01,sh.600023,SELL,2,2582.076666672,1.291038333336
qp_lam5,2024-07-01,sh.600938,BUY,2,7752.053106797999,6.201642485438399
qp_lam5,2024-07-01,sz.002600,BUY,2,6145.071732799999,4.916057386239999
qp_lam5,2024-07-01,sh.601009,BUY,1,6820.575761999999,5.456460609599999
qp_lam5,2024-07-01,sh.601985,BUY,3,3785.0062149899995,0.0
qp_lam5,2024-07-01,sz.003816,BUY,1,519.911247856,0.0
qp_lam5,2024-07-08,sh.601919,SELL,2,6034.2652944,7.844544882720001
qp_lam5,2024-07-08,sh.688183,SELL,1,2059.583466888,1.029791733444
qp_lam5,2024-07-08,sh.601009,SELL,1,6518.68479,8.474290227000001
qp_lam5,2024-07-08,sz.003816,BUY,15,8050.780853114999,6.4406246824919995
qp_lam5,2024-07-08,sh.600023,BUY,5,6941.169795559999,5.5529358364479995
qp_lam5,2024-07-08,sz.002938,BUY,1,4251.323734658,0.0
qp_lam5,2024-07-08,sh.601328,BUY,4,7300.734088648,5.8405872709184
qp_lam5,2024-07-08,sz.302132,BUY,1,4954.95,0.0
qp_lam5,2024-07-08,sh.601077,BUY,3,2036.9025727049998,0.0
qp_lam5,2024-07-08,sh.601816,BUY,2,1152.240487398,0.0
qp_lam5,2024-07-15,sz.002938,SELL,1,4390.6672376999995,2.19533361885
qp_lam5,2024-07-15,sh.600023,SELL,4,5440.666886999999,7.0728669531
qp_lam5,2024-07-15,sz.302132,SELL,1,4790.205,2.3951025
qp_lam5,2024-07-15,sh.601816,SELL,1,576.01645695,0.288008228475
qp_lam5,2024-07-15,sh.600482,BUY,1,4909.864039079999,0.0
qp_lam5,2024-07-15,sh.601077,BUY,6,4178.675376876,0.0
qp_lam5,2024-07-22,sz.002938,SELL,1,4099.438170288,2.049719085144
qp_lam5,2024-07-22,sh.600023,SELL,2,2630.28102606,1.31514051303
qp_lam5,2024-07-22,sh.600938,SELL,2,7443.18880056,9.676145440728002
qp_lam5,2024-07-22,sz.002600,SELL,2,5940.048917088,7.7220635922144005
qp_lam5,2024-07-22,sz.003816,SELL,1,569.2956345,0.28464781725
qp_lam5,2024-07-22,sh.601328,SELL,2,3775.42825254,1.88771412627
qp_lam5,2024-07-22,sh.601816,SELL,1,599.057115228,0.29952855761400005
qp_lam5,2024-07-22,sh.601985,BUY,1,1403.5693722049998,0.0
qp_lam5,2024-07-22,sh.688183,BUY,1,2654.9994671199997,0.0
qp_lam5,2024-07-29,sh.601328,SELL,1,1887.71412627,0.943857063135
qp_lam5,2024-07-29,sh.601077,SELL,9,6183.032154623999,8.0379418010112
qp_lam5,2024-07-29,sz.002202,BUY,1,6720.122360952,5.376097888761601
qp_lam5,2024-07-29,sh.601398,BUY,6,8368.990742112,6.695192593689601
qp_lam5,2024-08-05,sh.600025,SELL,1,1395.520916166,0.697760458083
qp_lam5,2024-08-05,sh.601985,SELL,6,7827.45098373,10.175686278849001
qp_lam5,2024-08-05,sz.003816,SELL,15,7958.752970309999,10.346378861402998
qp_lam5,2024-08-05,sh.601328,SELL,1,1882.6600054500002,0.9413300027250001
qp_lam5,2024-08-05,sh.601398,SELL,1,1382.639204772,0.6913196023860001
qp_lam5,2024-08-05,sh.601698,BUY,4,7298.8907711719985,5.839112616937599
qp_lam5,2024-08-05,sz.001965,BUY,5,8107.71026065,6.4861682085200005
qp_lam5,2024-08-05,sh.688183,BUY,1,2322.8600915519996,0.0
qp_lam5,2024-08-12,sh.688183,SELL,3,6593.622928848,8.5717098075024
qp_lam5,2024-08-12,sh.600482,SELL,1,4903.69122018,2.45184561009
qp_lam5,2024-08-12,sh.600958,BUY,8,8203.726883352,6.5629815066815995
qp_lam5,2024-08-12,sz.002736,BUY,7,7799.503191479999,6.239602553184
qp_lam5,2024-08-19,sh.601698,SELL,4,6151.551386904,7.9970168029752
qp_lam5,2024-08-19,sh.601898,BUY,4,7235.690205743999,5.7885521645952
qp_lam5,2024-08-19,sh.601939,BUY,4,7354.769742319999,5.883815793855999
qp_lam5,2024-08-19,sz.002600,BUY,2,5881.711515679999,4.705369212543999
qp_lam5,2024-08-19,sh.601328,BUY,4,7809.056815559999,6.2472454524479994
qp_lam5,2024-08-19,sh.601319,BUY,13,8414.733828501,6.7317870628008
qp_lam5,2024-08-19,sh.688126,BUY,2,3061.1314233499997,0.0
qp_lam5,2024-08-26,sz.002202,SELL,1,6389.397238968,8.3062164106584
qp_lam5,2024-08-26,sh.601328,SELL,1,2011.5400863599998,1.0057700431799999
qp_lam5,2024-08-26,sh.601319,SELL,1,665.569510254,0.332784755127
qp_lam5,2024-08-26,sh.688126,SELL,2,3020.9593686480002,1.5104796843240003
qp_lam5,2024-08-26,sh.601766,BUY,7,7770.428275609999,6.216342620488
qp_lam5,2024-08-26,sh.601988,BUY,5,6144.611693219999,4.915689354576
qp_lam5,2024-09-02,sh.600025,SELL,5,6567.51200391,8.537765605083
qp_lam5,2024-09-02,sz.001965,SELL,5,7706.811623850001,10.018855111005001
qp_lam5,2024-09-02,sh.600958,SELL,8,8158.199394239999,10.605659212511998
qp_lam5,2024-09-02,sh.601939,SELL,4,6939.5378157,9.021399160409999
qp_lam5,2024-09-02,sh.601328,SELL,3,5344.732767150001,6.948152597295001
qp_lam5,2024-09-02,sh.601766,SELL,7,7038.310646997,9.1498038410961
qp_lam5,2024-09-02,sh.601988,SELL,1,1156.1753653019998,0.578087682651
qp_lam5,2024-09-02,sh.688472,BUY,7,7502.585903812999,6.0020687230503995
qp_lam5,2024-09-02,sz.002202,BUY,1,6816.838360332,5.4534706882656
qp_lam5,2024-09-02,sh.601336,BUY,1,4149.836931239999,0.0
qp_lam5,2024-09-09,sh.601398,SELL,5,6619.267621484999,8.605047907930498
qp_lam5,2024-09-09,sz.002736,SELL,7,7360.30508724,9.568396613412
qp_lam5,2024-09-09,sh.601319,SELL,1,702.41764923,0.351208824615
qp_lam5,2024-09-09,sh.688472,SELL,4,4282.674023016,2.1413370115080004
qp_lam5,2024-09-09,sh.601628,BUY,1,4459.795296957,0.0
qp_lam5,2024-09-09,sh.601601,BUY,1,4834.272483039999,0.0
qp_lam5,2024-09-18,sh.601898,SELL,4,7044.497195256,9.1578463538328
qp_lam5,2024-09-18,sz.002600,SELL,2,5370.575200847999,6.981747761102399
qp_lam5,2024-09-18,sh.601988,SELL,4,4459.87981584,2.2299399079200004
qp_lam5,2024-09-18,sh.688472,SELL,2,2167.648335846,1.083824167923
qp_lam5,2024-09-23,sh.601601,SELL,1,4741.48468908,2.37074234454
qp_lam5,2024-09-23,sh.688472,BUY,6,6801.911912795999,5.441529530236799
qp_lam5,2024-09-30,sh.601319,SELL,1,803.7500314140001,0.40187501570700007
qp_lam5,2024-09-30,sh.688472,SELL,7,8996.44897557,11.695383668241
qp_lam5,2024-09-30,sz.002202,SELL,1,7788.112437654,10.1245461689502
qp_lam5,2024-09-30,sh.600061,BUY,1,5674.848674495,4.539878939596
qp_lam5,2024-09-30,sh.601881,BUY,2,3558.1073848319998,0.0
qp_lam5,2024-10-08,sh.601319,SELL,1,941.9305525740001,0.4709652762870001
qp_lam5,2024-10-14,sh.601319,SELL,9,7399.5669081179985,9.619436980553399
qp_lam5,2024-10-14,sh.601628,SELL,1,5775.756272189999,7.508483153847
qp_lam5,2024-10-14,sh.600061,SELL,1,5375.058237324,6.9875757085212005
qp_lam5,2024-10-14,sz.000617,BUY,1,5491.361175299999,4.393088940239999
qp_lam5,2024-10-14,sh.601066,BUY,2,5941.752977159999,4.753402381728
qp_lam5,2024-10-14,sh.601800,BUY,1,1474.2115387999997,0.0
qp_lam5,2024-10-21,sh.601881,SELL,2,3366.0504521280004,1.6830252260640002
qp_lam5,2024-10-21,sh.601066,SELL,2,5762.628279324,7.4914167631212
qp_lam5,2024-10-21,sh.601800,SELL,1,1430.240372955,0.7151201864775001
qp_lam5,2024-10-21,sh.601211,BUY,3,7702.501135328999,6.1620009082632
qp_lam5,2024-10-28,sh.601336,SELL,1,6149.33861589,7.994140200657001
qp_lam5,2024-10-28,sh.601727,BUY,11,8533.91434896,6.827131479168
qp_lam5,2024-10-28,sh.688303,BUY,1,4167.48286955,0.0
qp_lam5,2024-11-04,sz.000617,SELL,1,4901.9038743149995,2.4509519371575
qp_lam5,2024-11-04,sh.601727,SELL,2,1735.8048575999999,0.8679024287999999
qp_lam5,2024-11-04,sh.688303,SELL,1,3425.1874839,1.7125937419500001
qp_lam5,2024-11-04,sh.600221,BUY,23,8890.646404639998,7.112517123711998
qp_lam5,2024-11-04,sz.302132,BUY,1,7986.978999999999,6.3895832
qp_lam5,2024-11-11,sh.601727,SELL,3,3799.3570797599996,1.8996785398799998
qp_lam5,2024-11-11,sh.600221,SELL,6,3081.3979116060004,1.5406989558030002
qp_lam5,2024-11-11,sz.302132,SELL,1,8352.639000000001,10.858430700000003
qp_lam5,2024-11-11,sh.600010,BUY,2,3189.26479872,0.0
qp_lam5,2024-11-18,sh.601211,SELL,3,7714.6638937200005,10.029063061836002
qp_lam5,2024-11-18,sh.600010,SELL,2,2763.3295203840003,1.3816647601920002
qp_lam5,2024-11-18,sh.601698,BUY,3,6970.703236496999,5.576562589197599
qp_lam5,2024-11-18,sh.600221,BUY,4,1642.8368356400001,0.0
qp_lam5,2024-11-18,sh.601360,BUY,3,8118.7495389,6.49499963112
qp_lam5,2024-11-18,sh.601727,BUY,1,1087.049964,0.0
qp_lam5,2024-11-18,sz.000301,BUY,4,8654.547405504,6.9236379244032
qp_lam5,2024-11-25,sh.601698,SELL,2,4192.40723616,2.09620361808
qp_lam5,2024-11-25,sz.000301,SELL,4,7596.622397376001,9.875609116588802
qp_lam5,2024-12-02,sh.601727,SELL,1,961.54453296,0.48077226648
qp_lam5,2024-12-02,sh.600221,SELL,7,3071.7534736979997,1.5358767368489998
qp_lam5,2024-12-02,sh.601698,BUY,2,4665.312031379999,0.0
qp_lam5,2024-12-09,sh.601727,SELL,6,6255.74934864,8.132474153232
qp_lam5,2024-12-09,sh.600221,SELL,14,6649.839937566,8.6447919188358
qp_lam5,2024-12-09,sh.601698,SELL,3,6711.8827386600005,8.725447560258
qp_lam5,2024-12-09,sh.600029,BUY,7,8302.02897524,6.641623180192001
qp_lam5,2024-12-09,sh.688183,BUY,1,4079.8139221839997,0.0
qp_lam5,2024-12-09,sh.601238,BUY,3,5219.911611914999,4.175929289532
qp_lam5,2024-12-09,sh.601111,BUY,3,2913.3413389079997,0.0
qp_lam5,2024-12-09,sh.601816,BUY,2,1311.7491887499998,0.0
qp_lam5,2024-12-16,sh.601360,SELL,3,7541.58399687,9.804059195931
qp_lam5,2024-12-16,sh.601816,SELL,1,645.1384317840001,0.32256921589200005
qp_lam5,2024-12-16,sh.600221,BUY,19,8583.822466218999,6.867057972975199
qp_lam5,2024-12-16,sh.601111,BUY,5,4981.687570859999,0.0
qp_lam5,2024-12-23,sh.600029,SELL,7,7975.482541992,10.368127304589601
qp_lam5,2024-12-23,sh.601238,SELL,3,5074.52153886,6.596878000518
qp_lam5,2024-12-23,sh.601111,SELL,8,7304.844835008,9.496298285510399
qp_lam5,2024-12-23,sh.601816,SELL,1,633.618102645,0.31680905132250003
qp_lam5,2024-12-23,sh.600221,SELL,4,1764.9321371640003,0.8824660685820002
qp_lam5,2024-12-23,sz.301165,BUY,1,7741.43185816,6.1931454865280005
qp_lam5,2024-12-30,sh.688183,SELL,1,4328.1866808,2.1640933404000005
qp_lam5,2024-12-30,sh.600221,SELL,12,5034.396587976,6.5447155643688
qp_lam5,2024-12-30,sz.301165,SELL,1,7802.234655300001,10.14290505189
qp_lam5,2024-12-30,sh.601398,BUY,5,8105.10364664,6.4840829173120005
qp_lam5,2024-12-30,sz.001965,BUY,4,7133.757110479999,5.707005688383999
qp_lam5,2024-12-30,sh.601288,BUY,7,7832.159651315998,6.265727721052799
qp_lam5,2024-12-30,sh.601988,BUY,6,7956.4220976239985,6.365137678099199
qp_lam5,2024-12-30,sh.601939,BUY,2,4083.39056125,0.0
qp_lam5,2025-01-06,sh.600221,SELL,3,1142.865892098,0.571432946049
qp_lam5,2025-01-06,sh.601288,SELL,1,1089.2032584479998,0.5446016292239999
qp_lam5,2025-01-06,sh.601939,SELL,2,3930.8522929200003,1.9654261464600002
qp_lam5,2025-01-06,sz.301165,BUY,1,7048.46217075,5.6387697366000005
qp_lam5,2025-01-06,sh.600919,BUY,5,7414.392585599999,5.931514068479999
qp_lam5,2025-01-13,sh.601288,SELL,6,6584.105799504,8.559337539355202
qp_lam5,2025-01-20,sh.601398,SELL,5,7948.07251146,10.332494264898001
qp_lam5,2025-01-20,sz.001965,SELL,4,6724.545782939999,8.741909517822
qp_lam5,2025-01-20,sh.601988,SELL,6,7940.525150375999,10.3226826954888
qp_lam5,2025-01-20,sz.301165,SELL,1,7114.772235869999,9.249203906631
qp_lam5,2025-01-20,sh.600919,SELL,1,1556.603174664,0.778301587332
qp_lam5,2025-01-20,sh.600026,BUY,4,7717.773827763999,6.1742190622112
qp_lam5,2025-01-27,sh.600919,SELL,1,1562.969649816,0.781484824908
qp_lam5,2025-01-27,sh.600026,SELL,4,7201.902040848,9.362472653102401
qp_lam5,2025-01-27,sz.002532,BUY,1,7320.959309663999,5.856767447731199
qp_lam5,2025-02-10,sh.600919,SELL,3,4540.888402164,2.270444201082
qp_lam5,2025-02-10,sz.002532,SELL,1,7241.674212864001,9.4141764767232
qp_lam5,2025-02-10,sh.601360,BUY,2,5416.663153902,4.3333305231216
qp_lam5,2025-02-17,sh.601360,SELL,2,5351.823795024,6.9573709335312
qp_lam5,2025-02-17,sz.002558,BUY,1,7413.323277359998,5.930658621887999
qp_lam5,2025-02-17,sh.601728,BUY,9,8556.693821675999,6.845355057340799
qp_lam5,2025-02-17,sh.601398,BUY,4,6717.657074128,5.3741256593024005
qp_lam5,2025-02-17,sh.600050,BUY,7,6008.382084705,4.8067056677640005
qp_lam5,2025-02-24,sh.601728,SELL,1,1004.9334805799999,0.5024667402899999
qp_lam5,2025-03-03,sz.002558,SELL,1,6516.038391048,8.470849908362402
qp_lam5,2025-03-03,sz.001965,BUY,3,5300.206786875,4.2401654295
qp_lam5,2025-03-10,sh.601398,SELL,1,1630.435418514,0.815217709257
qp_lam5,2025-03-17,sh.601728,SELL,4,3655.153403784,1.8275767018920002
qp_lam5,2025-03-17,sh.601398,SELL,1,1620.8304970499998,0.8104152485249999
qp_lam5,2025-03-17,sh.600050,SELL,4,3443.2159693680005,1.7216079846840002
qp_lam5,2025-03-17,sz.001965,SELL,1,1647.7958297250002,0.8238979148625001
qp_lam5,2025-03-24,sh.601728,SELL,4,3510.2560182119996,1.7551280091059998
qp_lam5,2025-03-24,sh.601398,SELL,2,3246.463454832,1.623231727416
qp_lam5,2025-03-24,sh.600050,SELL,3,2360.942988705,1.1804714943525
qp_lam5,2025-03-24,sz.001965,SELL,2,3305.8503105300006,1.6529251552650004
qp_lam5,2025-03-24,sh.600989,BUY,4,8043.8080282559995,6.4350464226048
qp_lam5,2025-03-24,sh.600019,BUY,3,6137.7477181019985,4.910198174481599
qp_lam5,2025-03-31,sh.600989,SELL,4,6964.70288544,9.054113751071998
qp_lam5,2025-03-31,sh.600019,SELL,3,5954.19930054,7.740459090702
qp_lam5,2025-03-31,sh.601899,BUY,2,7700.36272005,6.16029017604
qp_lam5,2025-03-31,sh.600362,BUY,2,6685.7038248,5.34856305984
qp_lam5,2025-03-31,sh.603993,BUY,1,2734.4840222699995,0.0
qp_lam5,2025-04-07,sh.600362,SELL,2,5783.65834221,7.5187558448730005
qp_lam5,2025-04-07,sh.603993,SELL,1,2322.342950382,1.1611714751909998
qp_lam5,2025-04-14,sh.601899,SELL,2,7395.78066615,9.614514865995
qp_lam5,2025-04-21,sh.601229,BUY,2,7557.759841632,6.0462078733056
qp_lam5,2025-04-21,sh.601077,BUY,8,7254.497225976,5.8035977807808
qp_lam5,2025-04-21,sh.601939,BUY,3,6590.56121724,5.272448973792
qp_lam5,2025-04-28,sh.600027,BUY,8,8016.715899191999,6.4133727193536
qp_lam5,2025-04-28,sh.601288,BUY,5,5995.566116539999,4.796452893231999
qp_lam5,2025-04-28,sh.600011,BUY,1,2833.9273882919997,0.0
qp_lam5,2025-05-06,sh.601229,SELL,1,3703.602618072,1.8518013090360002
qp_lam5,2025-05-06,sh.601939,SELL,1,2159.1008319059997,1.0795504159529998
qp_lam5,2025-05-06,sh.600027,SELL,8,7757.022388824,10.084129105471199
qp_lam5,2025-05-06,sh.601288,SELL,1,1170.795716316,0.5853978581579999
qp_lam5,2025-05-06,sh.600011,SELL,1,2812.5961364520003,1.4062980682260002
qp_lam5,2025-05-12,sh.601229,SELL,1,3785.588046576,1.892794023288
qp_lam5,2025-05-12,sh.601939,SELL,1,2250.3741002730003,1.1251870501365002
qp_lam5,2025-05-12,sh.601288,SELL,1,1188.0768339,0.59403841695
qp_lam5,2025-05-19,sh.601939,SELL,1,2238.1835580180004,1.1190917790090003
qp_lam5,2025-05-19,sh.601288,SELL,3,3616.0738544520004,1.8080369272260002
qp_lam5,2025-05-19,sz.000657,BUY,2,7833.487261599998,6.266789809279999
qp_lam5,2025-05-19,sh.601319,BUY,8,7644.986565215999,6.115989252172799
qp_lam5,2025-05-19,sh.601229,BUY,2,7922.075297135999,6.3376602377088
qp_lam5,2025-05-19,sz.000301,BUY,2,3944.9442992959994,0.0
qp_lam5,2025-05-19,sh.600919,BUY,2,3422.4519849519993,0.0
qp_lam5,2025-05-26,sh.601077,SELL,1,1032.504217245,0.5162521086225
qp_lam5,2025-05-26,sz.000657,SELL,1,3595.53058029,1.797765290145
qp_lam5,2025-05-26,sh.601229,SELL,2,7756.534453248001,10.083494789222403
qp_lam5,2025-05-26,sz.000301,SELL,2,3863.350774008,1.931675387004
qp_lam5,2025-05-26,sh.601919,BUY,2,7144.855629911998,5.7158845039295985
qp_lam5,2025-05-26,sh.600919,BUY,2,3495.8130247039994,0.0
qp_lam5,2025-06-03,sh.601077,SELL,1,1025.57465874,0.5127873293699999
qp_lam5,2025-06-03,sh.600919,SELL,4,6990.389716896,9.0875066319648
qp_lam5,2025-06-03,sz.000657,BUY,1,3822.2015431599993,0.0
qp_lam5,2025-06-03,sh.601838,BUY,3,7882.271676278999,6.305817341023199
qp_lam5,2025-06-09,sh.601077,SELL,1,1028.346482142,0.514173241071
qp_lam5,2025-06-09,sz.000657,SELL,1,4060.55702835,2.030278514175
qp_lam5,2025-06-09,sh.601319,SELL,1,963.007176852,0.48150358842600005
qp_lam5,2025-06-09,sh.601919,SELL,2,6880.535664912,8.944696364385601
qp_lam5,2025-06-09,sh.601838,SELL,1,2605.946294151,1.3029731470755002
qp_lam5,2025-06-09,sh.601825,BUY,6,7638.408848069999,6.110727078456
qp_lam5,2025-06-09,sh.601998,BUY,4,6624.999076696,5.2999992613568
qp_lam5,2025-06-16,sh.601077,SELL,5,4982.352565095,2.4911762825475
qp_lam5,2025-06-16,sz.000657,SELL,1,4060.55702835,2.030278514175
qp_lam5,2025-06-16,sh.601319,SELL,7,6911.8126686000005,8.985356469180001
qp_lam5,2025-06-16,sh.601838,SELL,2,5279.509253952,6.8633620301376
qp_lam5,2025-06-23,sh.601857,BUY,2,3149.8638291119996,0.0
qp_lam5,2025-06-23,sh.601916,BUY,7,3247.2154714999992,0.0
qp_lam5,2025-06-30,sh.601998,SELL,1,1649.009685654,0.824504842827
qp_lam5,2025-06-30,sh.601857,SELL,2,3013.312916754,1.5066564583770001
qp_lam5,2025-07-07,sh.601825,SELL,6,7799.050141002,10.1387651833026
qp_lam5,2025-07-07,sh.601998,SELL,3,5241.846044862,6.8143998583206
qp_lam5,2025-07-07,sh.688303,BUY,3,7836.908829749999,6.2695270638
qp_lam5,2025-07-07,sh.601916,BUY,8,4112.577308839999,0.0
qp_lam5,2025-07-14,sh.688303,SELL,1,2834.0271359999997,1.4170135679999998
qp_lam5,2025-07-14,sz.000617,BUY,1,5896.589899199999,4.71727191936
qp_lam5,2025-07-21,sh.601916,SELL,15,7467.502023,9.7077526299
qp_lam5,2025-07-21,sz.002938,BUY,1,5432.65787064,4.346126296512
qp_lam5,2025-07-28,sz.000617,SELL,1,5513.13638496,7.167077300448
qp_lam5,2025-07-28,sz.000657,BUY,1,6357.963630017999,5.0863709040144
qp_lam5,2025-07-28,sh.601669,BUY,8,7619.574842879999,6.095659874303999
qp_lam5,2025-07-28,sh.600010,BUY,4,7248.3290879999995,5.7986632704
qp_lam5,2025-08-04,sh.688303,SELL,1,2884.9510611,1.44247553055
qp_lam5,2025-08-04,sh.601669,BUY,1,869.0404923199999,0.0
qp_lam5,2025-08-04,sh.600233,BUY,1,6522.964711262999,5.2183717690104
qp_lam5,2025-08-04,sh.601138,BUY,1,3841.7961582,0.0
qp_lam5,2025-08-11,sh.688303,SELL,1,2946.9454047,1.47347270235
qp_lam5,2025-08-11,sh.600010,SELL,1,1895.2678909439999,0.947633945472
qp_lam5,2025-08-18,sz.002938,SELL,1,5973.173247600001,7.765125221880002
qp_lam5,2025-08-18,sh.601669,SELL,5,4148.5600871999995,2.0742800436
qp_lam5,2025-08-18,sh.600010,SELL,3,5512.191346944,7.1658487510272
qp_lam5,2025-08-18,sh.600233,SELL,1,7020.022811139001,9.1260296544807
qp_lam5,2025-08-18,sh.603993,BUY,2,8333.98938372,6.667191506976
qp_lam5,2025-08-25,sz.000657,SELL,1,6522.845734889999,8.479699455357
qp_lam5,2025-08-25,sh.601669,SELL,4,3345.6995913600003,1.6728497956800001
qp_lam5,2025-08-25,sz.000617,BUY,1,7541.428134239999,6.033142507391999
qp_lam5,2025-09-01,sh.603993,SELL,1,4637.099978280001,2.3185499891400005
qp_lam5,2025-09-01,sz.002600,BUY,1,6943.308365993998,5.554646692795199
qp_lam5,2025-09-08,sh.603993,SELL,1,4784.3095014,2.3921547507
qp_lam5,2025-09-08,sz.000617,SELL,1,6597.180056159999,8.576334073007999
qp_lam5,2025-09-15,sz.002600,SELL,1,6323.43935088,8.220471156144
qp_lam5,2025-09-15,sh.601872,BUY,2,3008.1173522399995,0.0
qp_lam5,2025-09-22,sh.601872,BUY,3,4512.17602836,0.0
qp_lam5,2025-09-29,sz.300413,BUY,1,6196.2025125,4.95696201
qp_lam5,2025-10-09,sh.601138,SELL,1,7941.599056394999,10.324078773313499
qp_lam5,2025-10-09,sh.601872,SELL,2,2915.83968156,1.45791984078
qp_lam5,2025-10-13,sh.601872,SELL,1,1540.736589132,0.7703682945660001
qp_lam5,2025-10-13,sz.300413,SELL,1,5341.055822775,6.943372569607501
qp_lam5,2025-10-13,sh.601138,BUY,1,7233.0112855,5.7864090284000005
qp_lam5,2025-10-13,sh.600362,BUY,1,5751.304478919999,4.601043583136
qp_lam5,2025-10-20,sh.601872,SELL,1,1501.05356388,0.75052678194
qp_lam5,2025-10-20,sh.601898,BUY,3,5777.516447702999,4.6220131581623995
qp_lam5,2025-10-27,sh.601872,SELL,1,1449.149760639,0.7245748803195
qp_lam5,2025-10-27,sh.601898,SELL,1,1913.3217929700002,0.9566608964850001
qp_lam5,2025-10-27,sh.603993,BUY,1,6449.622757577999,5.1596982060624
qp_lam5,2025-10-27,sh.601288,BUY,4,7001.73281808,5.601386254464
qp_lam5,2025-11-03,sh.601138,SELL,1,8326.194451020001,10.824052786326002
qp_lam5,2025-11-03,sh.601898,SELL,1,1992.1915462680001,0.9960957731340001
qp_lam5,2025-11-03,sh.601600,BUY,7,7747.334913318,6.1978679306544
qp_lam5,2025-11-03,sh.600515,BUY,6,8481.91920576,6.785535364608
qp_lam5,2025-11-10,sh.600362,SELL,1,5966.3265012,7.75622445156
qp_lam5,2025-11-10,sh.603993,SELL,1,6175.439494884,8.0280713433492
qp_lam5,2025-11-10,sh.600515,SELL,1,1547.3605305600001,0.7736802652800001
qp_lam5,2025-11-10,sh.688472,BUY,2,4505.8245232,0.0
qp_lam5,2025-11-17,sh.601898,SELL,1,2078.3640545010003,1.0391820272505001
qp_lam5,2025-11-17,sh.601600,SELL,1,1242.891994869,0.6214459974345
qp_lam5,2025-11-17,sh.600115,BUY,5,2697.7790589749998,0.0
qp_lam5,2025-11-24,sh.601288,SELL,4,7093.618241040001,9.221703713352001
qp_lam5,2025-11-24,sh.600115,SELL,1,542.676435345,0.2713382176725
qp_lam5,2025-11-24,sh.601360,BUY,3,8151.9065507880005,6.5215252406304005
qp_lam5,2025-11-24,sh.601988,BUY,5,7979.102576445,6.383282061156
qp_lam5,2025-11-24,sh.601600,BUY,1,1154.787311678,0.0
qp_lam5,2025-11-24,sh.601857,BUY,4,7218.420128919999,5.774736103135999
qp_lam5,2025-11-24,sh.601872,BUY,2,3148.1441011019997,0.0
qp_lam5,2025-12-01,sh.601600,SELL,2,2348.5321130039997,1.1742660565019998
qp_lam5,2025-12-01,sh.600515,SELL,5,7082.5877226,9.20736403938
qp_lam5,2025-12-01,sh.601360,SELL,1,2857.9457934,1.4289728967000002
qp_lam5,2025-12-01,sh.601872,SELL,2,3117.498644736,1.5587493223680002
qp_lam5,2025-12-01,sh.601238,BUY,5,8361.53793475,6.689230347800001
qp_lam5,2025-12-01,sh.601825,BUY,6,7496.733217974,5.9973865743792
qp_lam5,2025-12-08,sh.688472,SELL,2,3209.09561208,1.60454780604
qp_lam5,2025-12-08,sh.601360,SELL,2,5258.620259856,6.836206337812801
qp_lam5,2025-12-08,sh.601988,SELL,5,7355.478763394999,9.5621223924135
qp_lam5,2025-12-08,sh.601857,SELL,4,7124.99075712,9.262487984256
qp_lam5,2025-12-08,sh.601238,SELL,1,1573.339054032,0.786669527016
qp_lam5,2025-12-08,sh.601600,BUY,1,1236.648416003,0.0
qp_lam5,2025-12-08,sh.603993,BUY,1,6796.2577142459995,5.4370061713968
qp_lam5,2025-12-15,sh.601600,SELL,6,6882.201247662,8.9468616219606
qp_lam5,2025-12-15,sh.600115,SELL,4,2149.71245568,1.07485622784
qp_lam5,2025-12-15,sh.601238,SELL,4,5997.452999544,7.796688899407199
qp_lam5,2025-12-15,sh.601825,SELL,6,7370.442757422,9.5815755846486
qp_lam5,2025-12-15,sh.603993,SELL,1,6293.207113379999,8.181169247394
qp_lam5,2025-12-22,sh.600115,BUY,13,7889.294628214999,6.311435702571999
qp_lam5,2025-12-22,sh.601698,BUY,2,5050.578619085999,4.040462895268799
qp_lam5,2025-12-29,sh.600362,BUY,1,7559.135937352999,6.047308749882399
qp_lam5,2026-01-12,sh.601698,SELL,1,5146.464964418999,6.6904044537447
qp_lam5,2026-01-12,sh.600362,SELL,1,8569.159221042,11.1399069873546
qp_lam5,2026-01-12,sh.601600,BUY,4,6260.737258775999,5.008589807020799
qp_lam5,2026-01-12,sh.600372,BUY,1,3631.246260642,0.0
qp_lam5,2026-01-19,sh.600115,SELL,13,7914.468708900001,10.288809321570001
qp_lam5,2026-01-19,sh.601600,SELL,4,5773.2932277,7.50528119601
qp_lam5,2026-01-19,sh.600372,SELL,1,3320.8346861550003,1.6604173430775002
qp_lam5,2026-01-19,sh.601698,BUY,1,3954.2976372899993,0.0
qp_lam5,2026-01-26,sh.600219,BUY,1,4648.273503873999,0.0
qp_lam5,2026-02-02,sh.601698,SELL,2,7731.304496459999,10.050695845398
qp_lam5,2026-02-09,sh.600219,SELL,1,4645.71917046,2.3228595852300002
qp_lam5,2026-02-09,sh.600026,BUY,3,7215.733865339999,5.7725870922719995
qp_lam5,2026-02-09,sh.688223,BUY,9,8223.847181549998,6.579077745239998
qp_lam5,2026-02-09,sz.000301,BUY,2,5621.980091728,4.4975840733824
qp_lam5,2026-02-24,sh.600026,SELL,3,8214.34609134,10.678649918742
qp_lam5,2026-02-24,sh.688223,SELL,4,3184.535277,1.5922676385
qp_lam5,2026-02-24,sz.000301,SELL,1,2785.8618095399997,1.3929309047699998
qp_lam5,2026-02-24,sh.600482,BUY,1,7070.223109949999,5.656178487959999
qp_lam5,2026-03-02,sh.688223,SELL,1,754.77621825,0.37738810912500004
qp_lam5,2026-03-02,sz.000301,SELL,1,2850.9013848600002,1.42545069243
qp_lam5,2026-03-02,sh.601872,BUY,2,6101.0544595,4.8808435676
qp_lam5,2026-03-09,sh.688223,SELL,4,2977.747272,1.4888736360000001
qp_lam5,2026-03-09,sh.600482,SELL,1,8617.398206769,11.2026176687997
qp_lam5,2026-03-09,sh.600026,BUY,2,7685.014008671998,6.148011206937599
qp_lam5,2026-03-16,sh.601872,SELL,1,2710.414558314,1.355207279157
qp_lam5,2026-03-16,sh.601868,BUY,21,8145.644226719999,6.516515381375999
qp_lam5,2026-03-16,sh.600989,BUY,2,8314.128382559998,6.651302706047999
qp_lam5,2026-03-16,sh.601669,BUY,4,3820.5495327999993,0.0
qp_lam5,2026-03-23,sh.601669,SELL,4,3093.29528832,1.5466476441600001
qp_lam5,2026-03-23,sh.601868,BUY,3,980.2599806999999,0.0
qp_lam5,2026-03-23,sh.601898,BUY,3,8337.417149060999,6.6699337192487995
qp_lam5,2026-03-23,sh.600938,BUY,1,5449.412540571999,4.3595300324576
qp_lam5,2026-03-23,sh.600930,BUY,2,1368.25937248,0.0
qp_lam5,2026-03-30,sh.601898,SELL,1,2643.5972864699997,1.321798643235
qp_lam5,2026-03-30,sh.600938,SELL,1,5401.221572799001,7.021588044638701
qp_lam5,2026-03-30,sh.600930,SELL,1,670.714038576,0.335357019288
qp_lam5,2026-03-30,sz.003816,BUY,15,8067.183224099999,6.45374657928
qp_lam5,2026-03-30,sh.601868,BUY,1,321.48311194999997,0.0
qp_lam5,2026-03-30,sh.601998,BUY,4,6832.104170891999,5.4656833367135995
qp_lam5,2026-04-07,sh.601868,SELL,25,7416.1559205,9.64100269665
qp_lam5,2026-04-07,sh.600989,SELL,1,3473.629198695,1.7368145993475
qp_lam5,2026-04-07,sh.601898,SELL,1,2564.7275331719998,1.282363766586
qp_lam5,2026-04-07,sh.600930,SELL,1,602.4377592000001,0.30121887960000004
qp_lam5,2026-04-07,sz.000617,BUY,1,6688.239942384,5.3505919539072
qp_lam5,2026-04-13,sh.600989,SELL,1,3622.99405932,1.81149702966
qp_lam5,2026-04-13,sh.601898,SELL,1,2551.5825742889997,1.2757912871444999
qp_lam5,2026-04-13,sz.003816,SELL,15,7823.534878755,10.1705953423815
qp_lam5,2026-04-13,sz.000617,SELL,1,6400.908000684001,8.321180400889201
qp_lam5,2026-04-20,sh.601872,SELL,1,3188.825343639,1.5944126718195
qp_lam5,2026-04-20,sh.600026,SELL,2,6498.068954472001,8.447489640813602
qp_lam5,2026-04-20,sh.601998,SELL,4,6703.581951756,8.7146565372828
qp_lam5,2026-05-06,sh.601838,BUY,1,2712.03477545,0.0
qp_lam5,2026-05-06,sh.601898,BUY,1,2697.1844489589994,0.0
qp_lam5,2026-05-11,sh.601838,SELL,1,2664.1038294,1.3320519147
qp_lam5,2026-05-11,sh.601898,SELL,1,2465.4100660560002,1.232705033028
qp_lam5,2026-05-18,sh.601868,BUY,3,1024.5297862799998,0.0
qp_lam5,2026-05-25,sh.601868,SELL,3,949.8991200300001,0.47494956001500005
qp_lam5,2026-05-25,sh.601939,BUY,3,7476.205523786999,5.9809644190296
qp_lam5,2026-06-01,sh.600011,BUY,2,7331.246722799999,5.864997378239999
qp_lam5,2026-06-08,sz.000725,BUY,3,7437.0029413679995,5.9496023530943996
qp_lam5,2026-06-08,sh.601225,BUY,1,4712.112730325,0.0
qp_lam5,2026-06-08,sh.601988,BUY,5,7824.337871349999,6.259470297079999
qp_lam5,2026-06-15,sh.601939,SELL,1,2646.422401527,1.3232112007635002
qp_lam5,2026-06-15,sh.600011,SELL,2,6544.29121794,8.507578583322001
qp_lam5,2026-06-15,sh.601988,SELL,1,1615.950156276,0.807975078138
qp_lam5,2026-06-22,sh.601939,SELL,1,2459.7039818519997,1.229851990926
qp_lam5,2026-06-22,sz.000725,SELL,1,2619.6474502799997,1.3098237251399998
qp_lam5,2026-06-22,sh.601225,SELL,1,3990.431149425,1.9952155747125
qp_lam5,2026-06-22,sh.601988,SELL,1,1492.043435028,0.746021717514
qp_lam5,2026-06-29,sh.601939,SELL,1,2417.3811400590002,1.2086905700295
qp_lam5,2026-06-29,sh.601988,SELL,1,1484.29926495,0.742149632475
qp_lam5,2026-06-29,sh.601066,BUY,2,6633.259444811999,5.3066075558496
qp_lam5,2026-07-06,sh.601988,SELL,2,2860.180148808,1.430090074404
qp_lam5,2026-07-06,sh.601066,SELL,2,6388.460326818,8.3049984248634
qp_lam5,2026-07-06,sh.600999,BUY,1,4864.788050122,0.0
qp_lam5,2026-07-20,sz.000725,SELL,1,2369.2399734150003,1.1846199867075002
qp_lam5,2026-07-20,sh.600999,SELL,1,4256.589799349999,2.1282948996749997
qp_lam5,2026-07-27,sz.000725,SELL,1,2218.995487296,1.109497743648
qp_lam5,2026-07-27,sh.601857,BUY,3,5833.8805474949995,4.667104437996
qp_lam5,2026-07-27,sh.601919,BUY,2,7591.910426099998,6.073528340879999
qp_lam5,2026-07-27,sh.601728,BUY,2,1526.56756252,0.0
qp_lam5,2026-08-03,sh.601939,BUY,2,5436.798767399999,4.349439013919999
qp_lam5,2026-08-03,sh.601398,BUY,3,6083.318385143999,4.8666547081152
qp_lam5,2026-08-03,sh.601288,BUY,3,4683.145953486,0.0
qp_lam5,2026-08-10,sh.601939,SELL,1,2535.15176055,1.267575880275
qp_lam5,2026-08-10,sh.601398,SELL,3,5734.3023496079995,7.454593054490401
qp_lam5,2026-08-10,sh.601288,SELL,3,4406.5195585110005,2.2032597792555
qp_lam5,2026-08-10,sh.601899,BUY,1,7777.874682577999,6.2222997460624
qp_lam5,2026-08-17,sh.601857,SELL,3,5905.31993883,7.676915920479001
qp_lam5,2026-08-17,sh.601919,SELL,2,7700.221920149999,10.010288496194999
qp_lam5,2026-08-17,sh.601939,SELL,1,2593.577101725,1.2967885508625
qp_lam5,2026-08-17,sh.601899,SELL,1,7354.1389425570005,9.5603806253241
qp_lam5,2026-08-17,sh.601728,BUY,7,5661.842112926999,4.529473690341599
qp_lam5,2026-08-24,sh.601728,SELL,1,790.0175306609999,0.39500876533049994
qp_lam5,2026-08-24,sh.601998,BUY,4,7065.129831759999,5.652103865408
qp_lam5,2026-08-24,sh.601919,BUY,1,4224.051857025,0.0
qp_lam5,2026-08-24,sh.601872,BUY,2,6997.620197568,5.5980961580544
qp_lam5,2026-08-24,sh.600026,BUY,1,2954.075812688,0.0
qp_lam5,2026-08-31,sh.601728,SELL,8,6212.019650112,8.0756255451456
qp_lam5,2026-08-31,sh.601872,SELL,2,6707.968980336,8.7203596744368
qp_lam5,2026-08-31,sh.600026,SELL,1,2860.7979543839997,1.4303989771919998
qp_lam5,2026-08-31,sz.000301,BUY,2,6212.852806159999,4.970282244928
qp_lam5,2026-09-07,sh.601919,SELL,1,3978.530312175,1.9892651560874999
qp_lam5,2026-09-07,sz.000301,SELL,1,3171.763289772,1.585881644886
qp_lam5,2026-09-07,sz.300413,BUY,2,7567.6735134,6.0541388107200005
qp_lam5,2026-09-07,sh.601988,BUY,4,6961.455308808,5.5691642470464
qp_lam5,2026-09-07,sz.300498,BUY,2,6763.525536768,5.4108204294144
qp_lam5,2026-09-07,sh.600026,BUY,1,3165.404690447999,0.0
